{
	"pattrstorage" : 	{
		"name" : "reson_agent",
		"slots" : 		{
			"1" : 			{
				"id" : 1,
				"data" : 				{
					"gain" : [ 0.96875, 0.9375, 0.828125, 0.78125, 0.671875, 0.59375, 0.515625, 0.359375, 0.28125, 0.140625 ],
					"resonance" : [ 100, 100, 100, 100, 100, 100, 100, 100, 100, 100 ]
				}

			}
,
			"2" : 			{
				"id" : 2,
				"data" : 				{
					"gain" : [ 0.1875, 0.25, 0.25, 0.328125, 0.390625, 0.484375, 0.671875, 0.765625, 0.875, 1.0 ],
					"resonance" : [ 100, 100, 100, 100, 100, 100, 100, 100, 100, 100 ]
				}

			}
,
			"3" : 			{
				"id" : 3,
				"data" : 				{
					"gain" : [ 0.890625, 0.765625, 0.625, 0.5, 0.390625, 0.28125, 0.3125, 0.53125, 0.71875, 1.0 ],
					"resonance" : [ 100, 100, 100, 100, 100, 100, 100, 100, 100, 100 ]
				}

			}
,
			"4" : 			{
				"id" : 4,
				"data" : 				{
					"gain" : [ 0.21875, 0.34375, 0.5625, 0.65625, 0.78125, 1.0, 0.75, 0.484375, 0.328125, 0.234375 ],
					"resonance" : [ 100, 100, 100, 100, 100, 100, 100, 100, 100, 100 ]
				}

			}
,
			"5" : 			{
				"id" : 5,
				"data" : 				{
					"gain" : [ 0.359375, 0.359375, 0.390625, 0.421875, 0.46875, 0.515625, 0.75, 0.90625, 0.9375, 0.53125 ],
					"resonance" : [ 100, 100, 100, 100, 100, 100, 100, 100, 100, 100 ]
				}

			}
,
			"6" : 			{
				"id" : 6,
				"data" : 				{
					"gain" : [ 0.46875, 0.890625, 1.0, 1.0, 0.984375, 0.9375, 0.71875, 0.625, 0.546875, 0.484375 ],
					"resonance" : [ 100, 100, 100, 100, 100, 100, 100, 100, 100, 100 ]
				}

			}
,
			"7" : 			{
				"id" : 7,
				"data" : 				{
					"gain" : [ 0.734375, 0.796875, 0.796875, 0.875, 0.9375, 0.984375, 1.0, 0.921875, 0.859375, 0.796875 ],
					"resonance" : [ 100, 100, 100, 100, 100, 100, 100, 100, 100, 100 ]
				}

			}
,
			"8" : 			{
				"id" : 8,
				"data" : 				{
					"gain" : [ 0.46875, 0.421875, 0.4375, 0.5, 0.578125, 0.65625, 0.765625, 0.859375, 1.0, 0.890625 ],
					"resonance" : [ 100, 100, 100, 100, 100, 100, 100, 100, 100, 100 ]
				}

			}
,
			"9" : 			{
				"id" : 9,
				"data" : 				{
					"gain" : [ 0.6875, 0.578125, 0.515625, 0.5, 0.5, 0.625, 1.0, 0.84375, 0.75, 0.578125 ],
					"resonance" : [ 100, 100, 100, 100, 100, 100, 100, 100, 100, 100 ]
				}

			}
,
			"10" : 			{
				"id" : 10,
				"data" : 				{
					"gain" : [ 0.59375, 0.734375, 0.859375, 1.0, 0.8125, 0.65625, 0.578125, 0.578125, 0.46875, 0.4375 ],
					"resonance" : [ 100, 100, 100, 100, 100, 100, 100, 100, 100, 100 ]
				}

			}

		}

	}

}
