{
	"pattrstorage" : 	{
		"name" : "pitchmodels-presets",
		"slots" : 		{
			"1" : 			{
				"id" : 1,
				"data" : 				{
					"attack" : [ 2000.0 ],
					"decay" : [ 0.0 ],
					"duration" : [ 3000.0 ],
					"freqrange" : [ 0, 0 ],
					"freqrangeonoff" : [ 0 ],
					"freqrangeonoff[1]" : [ 0 ],
					"globalscale" : [ 1.0 ],
					"release" : [ 2000.0 ],
					"scramble" : [ 5 ],
					"scramble-on-off" : [ 0 ],
					"scramblerange" : [ 0, 49 ],
					"scramblerate" : [ 4000.0 ],
					"sharpness" : [ 2.011765 ],
					"sustain" : [ 1.0 ],
					"sweeprate" : [ 1000.0 ],
					"vowelsweeponoff" : [ 1 ],
					"voweltrans" : [ 1000.0 ],
					"function-rhythms::impulse-max" : [ 1906.779663 ],
					"function-rhythms::impulse-min" : [ 847.457642 ],
					"function-rhythms::length-max" : [ 10615.253906 ],
					"function-rhythms::length-min" : [ 4025.423828 ],
					"function-rhythms::rhythmic-function" : [ 7.614213, 9.137055, 10.659899, 12.182741, 13.705584, 15.228426, 17.005075, 18.781727, 20.812183, 22.84264, 24.111675, 25.380711, 27.918781, 30.456852, 31.979696, 32.487309, 33.502537, 34.517765, 35.279186, 36.040607, 37.055836, 37.817261, 38.578682, 39.59391, 40.101524, 40.609138, 41.116753, 41.116753, 41.116753, 36.548222, 28.426395, 23.350254, 19.796955, 19.796955, 19.796955, 20.304569, 20.812183, 21.06599, 21.319798, 21.827412, 23.350254, 23.857868, 24.873096, 25.888325, 26.903553, 27.918781, 31.979696, 35.532993, 38.578682, 42.131981, 47.715736, 53.807106, 60.913704, 64.467003, 67.512688, 75.126907, 78.680206, 81.218277, 81.725891, 82.233505, 82.233505, 82.233505, 82.233505, 81.725891, 80.710663, 76.142136, 50.253807, 46.700508, 44.162437, 37.055836, 37.055836, 37.055836, 37.055836, 37.055836, 37.055836, 37.055836, 37.055836, 37.055836, 37.055836, 37.817261, 38.578682, 39.086296, 39.59391, 40.609138, 42.131981, 43.654823, 44.416245, 45.177666, 47.208122, 48.477158, 49.746193, 51.776649, 52.791878, 53.807106, 55.329948, 56.852791, 57.868019, 58.375633, 58.375633, 50.253807 ]
				}

			}
,
			"2" : 			{
				"id" : 2,
				"data" : 				{
					"attack" : [ 5.0 ],
					"decay" : [ 1000.0 ],
					"duration" : [ 1000.0 ],
					"freqrange" : [ 0, 24 ],
					"freqrangeonoff" : [ 0 ],
					"freqrangeonoff[1]" : [ 0 ],
					"globalscale" : [ 1.0 ],
					"release" : [ 700.0 ],
					"scramble" : [  ],
					"scramble-on-off" : [  ],
					"scramblerange" : [ 0, 49 ],
					"scramblerate" : [ 2000.0 ],
					"sharpness" : [ 1.235294 ],
					"sustain" : [ 0.4 ],
					"sweeprate" : [ 1000.0 ],
					"vowelsweeponoff" : [ 1 ],
					"voweltrans" : [ 1000.0 ],
					"function-rhythms::impulse-max" : [ 1144.067749 ],
					"function-rhythms::impulse-min" : [ 254.237289 ],
					"function-rhythms::length-max" : [ 10345.0 ],
					"function-rhythms::length-min" : [ 6779.661133 ],
					"function-rhythms::rhythmic-function" : [ 4.568528, 4.568528, 5.076142, 5.583756, 6.091371, 6.598985, 7.106599, 7.360406, 7.614213, 8.121827, 8.121827, 8.121827, 8.121827, 8.121827, 8.121827, 7.106599, 6.091371, 5.583756, 4.568528, 4.060914, 4.060914, 4.060914, 4.060914, 4.060914, 4.822335, 5.583756, 6.091371, 6.598985, 7.614213, 8.629441, 10.659899, 11.167513, 11.675127, 13.197969, 14.213198, 14.720812, 16.243654, 16.243654, 16.243654, 16.243654, 16.751268, 16.920473, 17.089678, 17.258883, 17.258883, 17.258883, 17.258883, 17.258883, 17.258883, 17.258883, 17.258883, 17.258883, 17.258883, 17.258883, 17.258883, 16.751268, 16.243654, 15.736041, 15.228426, 15.228426, 15.228426, 15.228426, 15.228426, 15.228426, 17.005075, 18.781727, 21.06599, 23.350254, 25.380711, 27.411167, 29.441624, 34.517765, 37.055836, 39.59391, 40.609138, 41.624367, 44.670052, 45.68528, 45.68528, 45.68528, 45.68528, 45.68528, 45.177666, 44.670052, 43.654823, 43.401016, 43.147209, 42.131981, 42.131981, 42.131981, 44.162437, 48.730965, 55.329948, 69.03553, 78.172592, 84.263962, 94.923859, 95.939087, 96.954315, 100.0 ]
				}

			}
,
			"3" : 			{
				"id" : 3,
				"data" : 				{
					"attack" : [ 1000.0 ],
					"decay" : [ 0.0 ],
					"duration" : [ 1500.0 ],
					"freqrange" : [ 0, 22 ],
					"freqrangeonoff" : [ 0 ],
					"freqrangeonoff[1]" : [ 0 ],
					"globalscale" : [ 1.0 ],
					"release" : [ 1000.0 ],
					"scramble" : [  ],
					"scramble-on-off" : [  ],
					"scramblerange" : [ 0, 49 ],
					"scramblerate" : [ 4000.0 ],
					"sharpness" : [ 1.129412 ],
					"sustain" : [ 1.0 ],
					"sweeprate" : [ 1000.0 ],
					"vowelsweeponoff" : [ 1 ],
					"voweltrans" : [ 1000.0 ],
					"function-rhythms::impulse-max" : [ 1144.067749 ],
					"function-rhythms::impulse-min" : [ 338.983063 ],
					"function-rhythms::length-max" : [ 7415.254395 ],
					"function-rhythms::length-min" : [ 2542.372803 ],
					"function-rhythms::rhythmic-function" : [ 83.248734, 79.695435, 77.664978, 75.126907, 70.558372, 69.03553, 65.989845, 62.436546, 60.913704, 56.852791, 54.31472, 50.253807, 45.177666, 43.147209, 39.086296, 37.563454, 35.532993, 34.010151, 32.487309, 31.472082, 30.964466, 29.441624, 28.426395, 27.918781, 26.903553, 25.888325, 24.873096, 23.857868, 21.827412, 20.812183, 19.289341, 19.035534, 18.781727, 18.274111, 18.274111, 18.274111, 18.274111, 18.274111, 18.274111, 18.274111, 18.274111, 18.274111, 18.274111, 18.274111, 18.274111, 18.274111, 18.274111, 18.781727, 19.289341, 19.796955, 20.304569, 20.812183, 21.319798, 21.827412, 22.335026, 22.84264, 23.857868, 24.873096, 26.395939, 27.918781, 28.426395, 28.93401, 29.441624, 30.456852, 30.964466, 31.472082, 31.979696, 32.994923, 33.24873, 33.502537, 35.025379, 36.548222, 38.071068, 40.101524, 41.116753, 42.131981, 42.639595, 44.670052, 46.192894, 47.715736, 49.746193, 51.269035, 52.284264, 53.299492, 54.31472, 56.852791, 58.121826, 59.390862, 61.421318, 62.436546, 64.467003, 65.482231, 68.020302, 69.543144, 71.065987, 73.096443, 75.634521, 79.18782, 83.756348, 100.0 ]
				}

			}
,
			"4" : 			{
				"id" : 4,
				"data" : 				{
					"attack" : [ 5.0 ],
					"decay" : [ 1000.0 ],
					"duration" : [ 1000.0 ],
					"freqrange" : [ 2, 11 ],
					"freqrangeonoff" : [ 1 ],
					"freqrangeonoff[1]" : [ 0 ],
					"globalscale" : [ 1.0 ],
					"release" : [ 100.0 ],
					"scramble" : [  ],
					"scramble-on-off" : [  ],
					"scramblerange" : [ 0, 23 ],
					"scramblerate" : [ 1100.0 ],
					"sharpness" : [ 1.129412 ],
					"sustain" : [ 0.5 ],
					"sweeprate" : [ 100.0 ],
					"vowelsweeponoff" : [ 1 ],
					"voweltrans" : [ 100.0 ],
					"function-rhythms::impulse-max" : [ 805.084717 ],
					"function-rhythms::impulse-min" : [ 338.983063 ],
					"function-rhythms::length-max" : [ 4872.881348 ],
					"function-rhythms::length-min" : [ 2627.118652 ],
					"function-rhythms::rhythmic-function" : [ 96.954315, 95.68528, 94.416245, 92.893402, 90.862946, 88.832489, 87.309647, 85.786804, 83.248734, 81.218277, 76.64975, 71.573601, 70.050758, 67.512688, 65.989845, 62.436546, 60.40609, 58.375633, 56.345177, 54.31472, 48.730965, 47.208122, 41.624367, 39.59391, 39.086296, 38.324875, 37.563454, 37.055836, 36.040607, 35.025379, 34.010151, 33.502537, 32.994923, 32.487309, 31.472082, 31.218273, 30.964466, 30.710659, 30.456852, 29.441624, 28.93401, 28.426395, 27.918781, 27.918781, 26.903553, 26.903553, 26.649746, 26.395939, 25.888325, 25.380711, 24.873096, 24.111675, 23.350254, 22.335026, 21.319798, 19.796955, 19.289341, 18.781727, 18.274111, 17.766497, 16.751268, 16.243654, 15.736041, 15.736041, 15.736041, 14.720812, 14.213198, 13.705584, 13.197969, 12.436548, 11.675127, 10.152285, 9.898478, 9.64467, 9.137055, 8.883248, 8.629441, 8.629441, 8.629441, 8.629441, 8.629441, 8.629441, 8.629441, 8.629441, 8.629441, 7.614213, 7.360406, 7.106599, 6.598985, 6.091371, 5.076142, 4.822335, 4.568528, 4.568528, 4.060914, 4.060914, 4.060914, 4.060914, 4.060914, 0.0 ]
				}

			}
,
			"5" : 			{
				"id" : 5,
				"data" : 				{
					"attack" : [ 5.0 ],
					"decay" : [ 25.0 ],
					"duration" : [ 1000.0 ],
					"freqrange" : [ 0, 24 ],
					"freqrangeonoff" : [ 0 ],
					"freqrangeonoff[1]" : [ 0 ],
					"globalscale" : [ 1.0 ],